{
  "epochs": [
    1,
    2,
    3,
    4,
    5,
    6,
    7,
    8,
    9,
    10,
    11,
    12,
    13,
    14,
    15,
    16,
    17,
    18,
    19,
    20,
    21,
    22,
    23,
    24,
    25,
    26,
    27,
    28,
    29,
    30,
    31,
    32,
    33,
    34,
    35,
    36,
    37,
    38,
    39,
    40,
    41,
    42,
    43,
    44,
    45,
    46,
    47,
    48,
    49,
    50,
    51,
    52,
    53,
    54,
    55,
    56,
    57,
    58,
    59,
    60,
    61,
    62,
    63,
    64,
    65,
    66,
    67,
    68,
    69,
    70,
    71,
    72,
    73,
    74,
    75,
    76,
    77,
    78,
    79,
    80,
    81,
    82,
    83,
    84,
    85,
    86,
    87,
    88,
    89,
    90,
    91,
    92,
    93,
    94,
    95,
    96,
    97,
    98,
    99,
    100,
    101,
    102,
    103,
    104,
    105,
    106,
    107,
    108,
    109,
    110,
    111,
    112,
    113,
    114,
    115,
    116,
    117,
    118,
    119,
    120,
    121,
    122,
    123,
    124,
    125,
    126,
    127,
    128,
    129,
    130,
    131,
    132,
    133,
    134,
    135,
    136,
    137,
    138,
    139,
    140,
    141,
    142,
    143,
    144,
    145,
    146,
    147,
    148,
    149,
    150
  ],
  "train_loss": [
    8.059965167247073,
    7.216195281122772,
    7.109958151696434,
    7.042875397373253,
    6.956812744409266,
    6.865225785215136,
    6.777148998958964,
    6.699218568667559,
    6.626989592968578,
    6.556870984359526,
    6.477013218570763,
    6.401086807250977,
    6.323661750471088,
    6.25401617103899,
    6.178209513006076,
    6.1072617651711045,
    6.041780384493546,
    5.970262594625983,
    5.900320301593189,
    5.82046107171287,
    5.748205144640425,
    5.674505851638149,
    5.620334927464874,
    5.551913321857721,
    5.485589416933731,
    5.4203235062075334,
    5.363334541589442,
    5.291120159793907,
    5.231284692253865,
    5.162656441540785,
    5.12119507453811,
    5.0509336229781026,
    4.977384325484155,
    4.933663569705587,
    4.882796482301094,
    4.821806074867786,
    4.776805622476927,
    4.735785826830797,
    4.663910785191495,
    4.625124763435041,
    4.58021063200185,
    4.522194942957919,
    4.482096604897943,
    4.397823810577393,
    4.364424772665534,
    4.316975271198111,
    4.2590553391147665,
    4.224842363679913,
    4.172989721029577,
    4.115679740905762,
    4.053218062494842,
    4.019235137482764,
    3.98496134516219,
    3.9304760543393416,
    3.8941501462963264,
    3.857679353633397,
    3.8175930506746534,
    3.7959199656902904,
    3.7583099889083647,
    3.7108863373877297,
    3.689895284007972,
    3.6358072556240457,
    3.6064033575460943,
    3.54980696422953,
    3.5098248266837966,
    3.484329623235783,
    3.448425232524603,
    3.4101661863461348,
    3.38324670388665,
    3.3633934477685203,
    3.3134029146651147,
    3.336875337949941,
    3.2789750871524004,
    3.245375670177836,
    3.2298028536245855,
    3.2181267604021957,
    3.184537404020068,
    3.1565585270733902,
    3.130151238239987,
    3.093709989332817,
    3.0696596293382243,
    3.0593813741710822,
    3.016801998648845,
    3.0089078151004416,
    2.9839061280371437,
    2.970980211043022,
    2.927073183194013,
    2.9006370054164403,
    2.926886669346984,
    2.8939699119245503,
    2.850819490325283,
    2.8489998461494985,
    2.8327942633293044,
    2.772780623234494,
    2.774812738660356,
    2.760803736431498,
    2.7603362412519856,
    2.7240932457883593,
    2.691252224881884,
    2.66550745426769,
    2.6752873776664194,
    2.6405688910417155,
    2.6490569013944816,
    2.581707454063523,
    2.578210071778633,
    2.5698979505350894,
    2.5208306480461444,
    2.548504926788975,
    2.5210386464293575,
    2.4900193919598217,
    2.486178364552243,
    2.459965531255158,
    2.4552240203803692,
    2.4301389808386142,
    2.433561640726009,
    2.396038340850615,
    2.3974659308581283,
    2.338748528923787,
    2.347648493001159,
    2.336699603309094,
    2.326473185713862,
    2.2985906265151335,
    2.2801443422344367,
    2.2739555802143796,
    2.267634992868128,
    2.2384237924092254,
    2.2390525710414835,
    2.2340300821922194,
    2.1927323005568815,
    2.165078883439722,
    2.1687391727743015,
    2.1616447979295756,
    2.137308703341954,
    2.1324845099113356,
    2.137818049377119,
    2.0994692134185575,
    2.090141974704366,
    2.066064487040882,
    2.0160931029789886,
    2.0409178834565926,
    2.003268876545866,
    1.992341701413544,
    1.9958199111508652,
    1.9866822118490515,
    1.9952096939086914,
    1.9685144357278312,
    1.9451515708171145,
    1.9401091908065367,
    1.9411117778697484,
    1.9026078976375955
  ],